Event_name,SD_Event_Name,event_seq_no
Tremblay Inc,204012,1
O'Hara LLC,301201,2
Harris Inc,500001,3
Crist Inc,304012,4
Marvin LLC,341201,5
Hansen-Pfeffer,520001,6
Beer and Sons,214012,7
"Brakus, Olson and Harvey",351201,8
"Ryan, Kuhlman and Gleichner",400001,9
"Hermiston, Tremblay and Ziemann",104012,10
"Rohan, Sipes and Schmitt",401201,11
Erdman LLC,600001,12
Tillman Inc,264012,13
Yundt Group,361201,14
Wiza-Gerhold,560001,15
Altenwerth Group,244012,16
"Dare, Weissnat and Shanahan",341201,17
"Little, Anderson and Sauer",540001,18
Bednar-Hilll,284012,19
"Leannon, Prosacco and Hermann",381201,20
Lesch-Satterfield,590001,21
White-Bartoletti,334012,22
Gutmann-Farrell,441201,23
Kreiger Group,660001,24
Kuhlman-McLaughlin,774012,25
Friesen LLC,881201,26
Emard-Hansen,550001,27
Mitchell Inc,205012,28
"Osinski, Barton and Jast",306201,29
"Hickle, Runolfsdottir and Pfannerstill",507001,30
Heller-Mitchell,208012,31
Weber LLC,309201,32
Schmitt and Sons,509001,33
"Douglas, Ferry and Reinger",209012,34
Jacobi-Halvorson,302501,35
Kreiger Group,,
Nicolas and Sons,,
"Keebler, Keebler and Bode",,
Schulist Inc,,
Morissette-Beer,,
Rutherford-VonRueden,,
"Blick, Howe and Dicki",,
"Runte, Bruen and Wunsch",,
Goodwin and Sons,,
"O'Connell, Stiedemann and Erdman",,
"Halvorson, Kulas and Langworth",,
Balistreri-Schroeder,,
Ledner-Moen,,
Raynor-Jerde,,
Bradtke Group,,
O'Reilly-Jones,,
Roberts LLC,,
"Feil, Ebert and Price",,
Lakin-McGlynn,,
Terry and Sons,,
"Cummings, Bogisich and Walter",,
"Rippin, Corwin and Stracke",,
"Hayes, Romaguera and Beer",,
Nicolas-Dare,,
"Shanahan, Kuhic and Douglas",,
"Rice, Mayer and Denesik",,
Schiller Group,,
Waelchi-Gulgowski,,
"Klocko, Toy and Schoen",,
Goyette-Beahan,,
Luettgen and Sons,,
Quitzon and Sons,,
Rohan-Rodriguez,,
Beier Inc,,
Watsica LLC,,
Ullrich-Conroy,,
"DuBuque, Hauck and Morar",,
"Bruen, Kassulke and Stiedemann",,
Homenick LLC,,
Abernathy Group,,
"Lind, Fritsch and Mohr",,
Bosco and Sons,,
Tromp-Fay,,
Prosacco-Connelly,,
Littel-Hettinger,,
"Stark, West and Hills",,
Heaney and Sons,,
"Johnson, Wolff and Emard",,
Beahan LLC,,
Mayer and Sons,,
Ruecker-Goodwin,,
"Jacobs, Windler and Schimmel",,
"Schroeder, Bauch and Schmitt",,
Tremblay Inc,,
"Kovacek, Gottlieb and Heidenreich",,
Hirthe Inc,,
"Greenholt, Hilpert and Morar",,
"Champlin, Weber and Sawayn",,
Aufderhar Inc,,
Weimann and Sons,,
Hudson Inc,,
Hegmann LLC,,
Goldner LLC,,
"Fadel, Hudson and Abernathy",,
"Williamson, Schroeder and Rolfson",,
